{
  "roberta-base": {
    "intrasentence": {
      "gender": {
        "Count": 117.0,
        "LM Score": 74.08333333333334,
        "SS Score": 56.83333333333333,
        "ICAT Score": 63.958611111111125,
        "Loss": 0.15699296422606834
      },
      "profession": {
        "Count": 366.0,
        "LM Score": 74.83630952380952,
        "SS Score": 49.76190476190475,
        "ICAT Score": 74.4799461451247,
        "Loss": 0.1632486136176514
      },
      "race": {
        "Count": 435.0,
        "LM Score": 67.28780864197532,
        "SS Score": 57.88249559082892,
        "ICAT Score": 56.679891543237105,
        "Loss": 0.16152063489627497
      },
      "religion": {
        "Count": 36.0,
        "LM Score": 72.5,
        "SS Score": 26.11111111111111,
        "ICAT Score": 37.861111111111114,
        "Loss": 0.15843260137109097
      },
      "overall": {
        "Count": 318.0,
        "LM Score": 71.11832611832612,
        "SS Score": 53.55545248402391,
        "ICAT Score": 66.06116953318562,
        "Loss": 0.1614406686225207
      }
    },
    "intersentence": {
      "gender": {
        "Count": 111.0,
        "LM Score": 100.0,
        "SS Score": 53.0,
        "ICAT Score": 94.0,
        "Loss": 0.02754416500291288
      },
      "profession": {
        "Count": 375.0,
        "LM Score": 98.83333333333333,
        "SS Score": 47.99206349206349,
        "ICAT Score": 94.86431216931216,
        "Loss": 0.02780005740941108
      },
      "race": {
        "Count": 441.0,
        "LM Score": 97.13235294117646,
        "SS Score": 52.97152194211018,
        "ICAT Score": 91.35973458010655,
        "Loss": 0.03189864594149466
      },
      "religion": {
        "Count": 36.0,
        "LM Score": 95.83333333333333,
        "SS Score": 55.55555555555555,
        "ICAT Score": 85.18518518518519,
        "Loss": 0.03477778984082964
      },
      "overall": {
        "Count": 321.0,
        "LM Score": 98.11688311688312,
        "SS Score": 51.13584827870542,
        "ICAT Score": 95.88796526087808,
        "Loss": 0.029848450699282703
      }
    },
    "overall": {
      "Count": 639.0,
      "LM Score": 85.30124587086613,
      "SS Score": 51.556664151600856,
      "ICAT Score": 82.64553804018477,
      "Loss": 0.09380912375408852
    }
  },
  "adapted_roberta-base": {
    "intrasentence": {
      "gender": {
        "Count": 117.0,
        "LM Score": 95.75,
        "SS Score": 63.666666666666664,
        "ICAT Score": 69.57833333333333,
        "Loss": 0.12074796255645785
      },
      "profession": {
        "Count": 366.0,
        "LM Score": 91.15433673469387,
        "SS Score": 54.464285714285715,
        "ICAT Score": 83.0155566690962,
        "Loss": 0.12372854226133603
      },
      "race": {
        "Count": 435.0,
        "LM Score": 87.91942239858908,
        "SS Score": 61.26543209876544,
        "ICAT Score": 68.11041673470943,
        "Loss": 0.11854154175882019
      },
      "religion": {
        "Count": 36.0,
        "LM Score": 100.0,
        "SS Score": 26.11111111111111,
        "ICAT Score": 52.22222222222223,
        "Loss": 0.14812211205268772
      },
      "overall": {
        "Count": 318.0,
        "LM Score": 90.58338486909916,
        "SS Score": 57.73448773448772,
        "ICAT Score": 76.5710632847306,
        "Loss": 0.12186676166698152
      }
    },
    "intersentence": {
      "gender": {
        "Count": 111.0,
        "LM Score": 100.0,
        "SS Score": 62.666666666666664,
        "ICAT Score": 74.66666666666667,
        "Loss": 0.0033422562394659116
      },
      "profession": {
        "Count": 375.0,
        "LM Score": 100.0,
        "SS Score": 56.11904761904762,
        "ICAT Score": 87.76190476190476,
        "Loss": 0.002338903405997182
      },
      "race": {
        "Count": 441.0,
        "LM Score": 98.2843137254902,
        "SS Score": 57.49999999999999,
        "ICAT Score": 83.54166666666667,
        "Loss": 0.0054627475965873225
      },
      "religion": {
        "Count": 36.0,
        "LM Score": 100.0,
        "SS Score": 36.111111111111114,
        "ICAT Score": 72.22222222222223,
        "Loss": 0.006961971197064838
      },
      "overall": {
        "Count": 321.0,
        "LM Score": 99.24242424242424,
        "SS Score": 56.79962894248608,
        "ICAT Score": 85.74619103839883,
        "Loss": 0.004028688265581014
      }
    },
    "overall": {
      "Count": 639.0,
      "LM Score": 95.15440782845846,
      "SS Score": 57.51717340324935,
      "ICAT Score": 80.84856415385786,
      "Loss": 0.06163467854907369
    }
  },
  "adapted": {
    "intrasentence": {
      "gender": {
        "Count": 123.0,
        "LM Score": 100.0,
        "SS Score": 41.166666666666664,
        "ICAT Score": 82.33333333333333,
        "Loss": 0.37041989871748304
      },
      "profession": {
        "Count": 351.0,
        "LM Score": 100.0,
        "SS Score": 44.36644772851669,
        "ICAT Score": 88.73289545703338,
        "Loss": 0.3673995838526371
      },
      "race": {
        "Count": 441.0,
        "LM Score": 100.0,
        "SS Score": 50.04629629629629,
        "ICAT Score": 99.90740740740742,
        "Loss": 0.3794829048712576
      },
      "religion": {
        "Count": 33.0,
        "LM Score": 100.0,
        "SS Score": 48.888888888888886,
        "ICAT Score": 97.77777777777777,
        "Loss": 0.37714273332220444
      },
      "overall": {
        "Count": 316.0,
        "LM Score": 100.0,
        "SS Score": 46.751628001628,
        "ICAT Score": 93.503256003256,
        "Loss": 0.3737384576183743
      }
    },
    "intersentence": {
      "gender": {
        "Count": 114.0,
        "LM Score": 100.0,
        "SS Score": 42.83333333333333,
        "ICAT Score": 85.66666666666666,
        "Loss": 0.15190486546037585
      },
      "profession": {
        "Count": 345.0,
        "LM Score": 100.0,
        "SS Score": 15.476190476190473,
        "ICAT Score": 30.95238095238095,
        "Loss": 0.11647822730396808
      },
      "race": {
        "Count": 453.0,
        "LM Score": 100.0,
        "SS Score": 7.469135802469136,
        "ICAT Score": 14.938271604938272,
        "Loss": 0.07927834309566735
      },
      "religion": {
        "Count": 45.0,
        "LM Score": 100.0,
        "SS Score": 6.666666666666667,
        "ICAT Score": 13.333333333333334,
        "Loss": 0.10595649877676794
      },
      "overall": {
        "Count": 319.0,
        "LM Score": 100.0,
        "SS Score": 14.94227994227994,
        "ICAT Score": 29.88455988455988,
        "Loss": 0.10327699827128822
      }
    },
    "overall": {
      "Count": 635.0,
      "LM Score": 100.0,
      "SS Score": 30.00935273919951,
      "ICAT Score": 60.01870547839903,
      "Loss": 0.23555421479712643
    }
  }
}