{
  "roberta-base": {
    "intrasentence": {
      "gender": {
        "Count": 117.0,
        "LM Score": 74.08333333333334,
        "SS Score": 56.83333333333333,
        "ICAT Score": 63.958611111111125,
        "Loss": 0.15699296422606834
      },
      "profession": {
        "Count": 366.0,
        "LM Score": 74.83630952380952,
        "SS Score": 49.76190476190475,
        "ICAT Score": 74.4799461451247,
        "Loss": 0.1632486136176514
      },
      "race": {
        "Count": 435.0,
        "LM Score": 67.28780864197532,
        "SS Score": 57.88249559082892,
        "ICAT Score": 56.679891543237105,
        "Loss": 0.16152063489627497
      },
      "religion": {
        "Count": 36.0,
        "LM Score": 72.5,
        "SS Score": 26.11111111111111,
        "ICAT Score": 37.861111111111114,
        "Loss": 0.15843260137109097
      },
      "overall": {
        "Count": 318.0,
        "LM Score": 71.11832611832612,
        "SS Score": 53.55545248402391,
        "ICAT Score": 66.06116953318562,
        "Loss": 0.1614406686225207
      }
    },
    "intersentence": {
      "gender": {
        "Count": 111.0,
        "LM Score": 100.0,
        "SS Score": 51.0,
        "ICAT Score": 98.0,
        "Loss": 0.02768139649540139
      },
      "profession": {
        "Count": 375.0,
        "LM Score": 98.83333333333333,
        "SS Score": 49.26190476190475,
        "ICAT Score": 97.37436507936505,
        "Loss": 0.027999614937609378
      },
      "race": {
        "Count": 441.0,
        "LM Score": 95.66176470588235,
        "SS Score": 53.958916900093364,
        "ICAT Score": 88.0874251661449,
        "Loss": 0.03205572865015085
      },
      "religion": {
        "Count": 36.0,
        "LM Score": 95.83333333333333,
        "SS Score": 55.55555555555555,
        "ICAT Score": 85.18518518518519,
        "Loss": 0.03472408205398153
      },
      "overall": {
        "Count": 321.0,
        "LM Score": 97.46753246753246,
        "SS Score": 51.80684394970109,
        "ICAT Score": 93.94536004090735,
        "Loss": 0.03001129134219958
      }
    },
    "overall": {
      "Count": 639.0,
      "LM Score": 85.0902754067311,
      "SS Score": 51.70393249507173,
      "ICAT Score": 82.19051370112845,
      "Loss": 0.09388042869221223
    }
  },
  "adapted_roberta-base": {
    "intrasentence": {
      "gender": {
        "Count": 117.0,
        "LM Score": 95.75,
        "SS Score": 63.666666666666664,
        "ICAT Score": 69.57833333333333,
        "Loss": 0.12074796255645785
      },
      "profession": {
        "Count": 366.0,
        "LM Score": 91.15433673469387,
        "SS Score": 54.464285714285715,
        "ICAT Score": 83.0155566690962,
        "Loss": 0.12372854226133603
      },
      "race": {
        "Count": 435.0,
        "LM Score": 87.91942239858908,
        "SS Score": 61.26543209876544,
        "ICAT Score": 68.11041673470943,
        "Loss": 0.11854154175882019
      },
      "religion": {
        "Count": 36.0,
        "LM Score": 100.0,
        "SS Score": 26.11111111111111,
        "ICAT Score": 52.22222222222223,
        "Loss": 0.14812211205268772
      },
      "overall": {
        "Count": 318.0,
        "LM Score": 90.58338486909916,
        "SS Score": 57.73448773448772,
        "ICAT Score": 76.5710632847306,
        "Loss": 0.12186676166698152
      }
    },
    "intersentence": {
      "gender": {
        "Count": 111.0,
        "LM Score": 98.75,
        "SS Score": 67.33333333333333,
        "ICAT Score": 64.51666666666668,
        "Loss": 0.00280330440579219
      },
      "profession": {
        "Count": 375.0,
        "LM Score": 99.44444444444444,
        "SS Score": 52.04761904761904,
        "ICAT Score": 95.37195767195769,
        "Loss": 0.0035574098109502836
      },
      "race": {
        "Count": 441.0,
        "LM Score": 97.79411764705883,
        "SS Score": 63.48506069094304,
        "ICAT Score": 71.41892541330259,
        "Loss": 0.006092433608192224
      },
      "religion": {
        "Count": 36.0,
        "LM Score": 100.0,
        "SS Score": 52.77777777777778,
        "ICAT Score": 94.44444444444444,
        "Loss": 0.007167751704620533
      },
      "overall": {
        "Count": 321.0,
        "LM Score": 98.64718614718616,
        "SS Score": 59.11152339723769,
        "ICAT Score": 80.6706632541512,
        "Loss": 0.004719497872452307
      }
    },
    "overall": {
      "Count": 639.0,
      "LM Score": 94.93924500253614,
      "SS Score": 58.09160249033667,
      "ICAT Score": 79.57503237667204,
      "Loss": 0.062003836912022235
    }
  },
  "adapted": {
    "intrasentence": {
      "gender": {
        "Count": 123.0,
        "LM Score": 100.0,
        "SS Score": 41.166666666666664,
        "ICAT Score": 82.33333333333333,
        "Loss": 0.37041989871748304
      },
      "profession": {
        "Count": 351.0,
        "LM Score": 100.0,
        "SS Score": 44.36644772851669,
        "ICAT Score": 88.73289545703338,
        "Loss": 0.3673995838526371
      },
      "race": {
        "Count": 441.0,
        "LM Score": 100.0,
        "SS Score": 50.04629629629629,
        "ICAT Score": 99.90740740740742,
        "Loss": 0.3794829048712576
      },
      "religion": {
        "Count": 33.0,
        "LM Score": 100.0,
        "SS Score": 48.888888888888886,
        "ICAT Score": 97.77777777777777,
        "Loss": 0.37714273332220444
      },
      "overall": {
        "Count": 316.0,
        "LM Score": 100.0,
        "SS Score": 46.751628001628,
        "ICAT Score": 93.503256003256,
        "Loss": 0.3737384576183743
      }
    },
    "intersentence": {
      "gender": {
        "Count": 114.0,
        "LM Score": 100.0,
        "SS Score": 42.83333333333333,
        "ICAT Score": 85.66666666666666,
        "Loss": 0.15190486546037585
      },
      "profession": {
        "Count": 345.0,
        "LM Score": 100.0,
        "SS Score": 15.476190476190473,
        "ICAT Score": 30.95238095238095,
        "Loss": 0.11647822730396808
      },
      "race": {
        "Count": 453.0,
        "LM Score": 100.0,
        "SS Score": 7.469135802469136,
        "ICAT Score": 14.938271604938272,
        "Loss": 0.07927834309566735
      },
      "religion": {
        "Count": 45.0,
        "LM Score": 100.0,
        "SS Score": 6.666666666666667,
        "ICAT Score": 13.333333333333334,
        "Loss": 0.10595649877676794
      },
      "overall": {
        "Count": 319.0,
        "LM Score": 100.0,
        "SS Score": 14.94227994227994,
        "ICAT Score": 29.88455988455988,
        "Loss": 0.10327699827128822
      }
    },
    "overall": {
      "Count": 635.0,
      "LM Score": 100.0,
      "SS Score": 30.00935273919951,
      "ICAT Score": 60.01870547839903,
      "Loss": 0.23555421479712643
    }
  }
}