{
  "roberta-base": {
    "intrasentence": {
      "gender": {
        "Count": 117.0,
        "LM Score": 74.08333333333334,
        "SS Score": 56.83333333333333,
        "ICAT Score": 63.958611111111125,
        "Loss": 0.1643756552038738
      },
      "profession": {
        "Count": 366.0,
        "LM Score": 74.83630952380952,
        "SS Score": 49.76190476190475,
        "ICAT Score": 74.4799461451247,
        "Loss": 0.17167548624671639
      },
      "race": {
        "Count": 435.0,
        "LM Score": 67.28780864197532,
        "SS Score": 57.88249559082892,
        "ICAT Score": 56.679891543237105,
        "Loss": 0.17010815975948707
      },
      "religion": {
        "Count": 36.0,
        "LM Score": 72.5,
        "SS Score": 26.11111111111111,
        "ICAT Score": 37.861111111111114,
        "Loss": 0.16536671509845177
      },
      "overall": {
        "Count": 318.0,
        "LM Score": 71.11832611832612,
        "SS Score": 53.55545248402391,
        "ICAT Score": 66.06116953318562,
        "Loss": 0.1697488839426453
      }
    },
    "intersentence": {
      "gender": {
        "Count": 111.0,
        "LM Score": 100.0,
        "SS Score": 49.0,
        "ICAT Score": 98.0,
        "Loss": 0.03624533738048229
      },
      "profession": {
        "Count": 375.0,
        "LM Score": 98.27777777777777,
        "SS Score": 42.650793650793645,
        "ICAT Score": 83.83250440917107,
        "Loss": 0.03564662836412454
      },
      "race": {
        "Count": 441.0,
        "LM Score": 96.02941176470588,
        "SS Score": 45.1657329598506,
        "ICAT Score": 86.74477536112484,
        "Loss": 0.0392012543515854
      },
      "religion": {
        "Count": 36.0,
        "LM Score": 95.83333333333333,
        "SS Score": 55.55555555555555,
        "ICAT Score": 85.18518518518519,
        "Loss": 0.04218654803544097
      },
      "overall": {
        "Count": 321.0,
        "LM Score": 97.41341991341992,
        "SS Score": 45.08864151721294,
        "ICAT Score": 87.84477538883846,
        "Loss": 0.03754875995829591
      }
    },
    "overall": {
      "Count": 639.0,
      "LM Score": 84.99054391459454,
      "SS Score": 48.626183942639635,
      "ICAT Score": 82.65531643552131,
      "Loss": 0.1018624270766622
    }
  },
  "adapted_roberta-base": {
    "intrasentence": {
      "gender": {
        "Count": 117.0,
        "LM Score": 94.66666666666666,
        "SS Score": 57.83333333333333,
        "ICAT Score": 79.83555555555556,
        "Loss": 0.13695953572314187
      },
      "profession": {
        "Count": 366.0,
        "LM Score": 90.49957482993197,
        "SS Score": 49.91071428571429,
        "ICAT Score": 90.3379684463071,
        "Loss": 0.13372500537477913
      },
      "race": {
        "Count": 435.0,
        "LM Score": 86.27755731922399,
        "SS Score": 62.708333333333336,
        "ICAT Score": 64.34867816725455,
        "Loss": 0.1308137900053897
      },
      "religion": {
        "Count": 36.0,
        "LM Score": 94.44444444444446,
        "SS Score": 17.777777777777775,
        "ICAT Score": 33.58024691358025,
        "Loss": 0.15819797754475232
      },
      "overall": {
        "Count": 318.0,
        "LM Score": 89.22052154195012,
        "SS Score": 55.670995670995666,
        "ICAT Score": 79.10113771338263,
        "Loss": 0.1337374789682275
      }
    },
    "intersentence": {
      "gender": {
        "Count": 111.0,
        "LM Score": 100.0,
        "SS Score": 44.83333333333333,
        "ICAT Score": 89.66666666666666,
        "Loss": 0.010386141815522788
      },
      "profession": {
        "Count": 375.0,
        "LM Score": 98.33333333333333,
        "SS Score": 32.857142857142854,
        "ICAT Score": 64.6190476190476,
        "Loss": 0.009534572877708987
      },
      "race": {
        "Count": 441.0,
        "LM Score": 98.16176470588235,
        "SS Score": 12.034313725490195,
        "ICAT Score": 23.62618944636678,
        "Loss": 0.011043272842891735
      },
      "religion": {
        "Count": 36.0,
        "LM Score": 100.0,
        "SS Score": 19.444444444444443,
        "ICAT Score": 38.888888888888886,
        "Loss": 0.014444887500815415
      },
      "overall": {
        "Count": 321.0,
        "LM Score": 98.53896103896103,
        "SS Score": 24.69542362399505,
        "ICAT Score": 48.669227726509725,
        "Loss": 0.010502656411003413
      }
    },
    "overall": {
      "Count": 639.0,
      "LM Score": 94.01144565701529,
      "SS Score": 39.96192274673287,
      "ICAT Score": 75.1375625730864,
      "Loss": 0.0704851633838582
    }
  },
  "adapted": {
    "intrasentence": {
      "gender": {
        "Count": 123.0,
        "LM Score": 100.0,
        "SS Score": 41.166666666666664,
        "ICAT Score": 82.33333333333333,
        "Loss": 0.37041989871748304
      },
      "profession": {
        "Count": 351.0,
        "LM Score": 100.0,
        "SS Score": 44.36644772851669,
        "ICAT Score": 88.73289545703338,
        "Loss": 0.3673995838526371
      },
      "race": {
        "Count": 441.0,
        "LM Score": 100.0,
        "SS Score": 50.04629629629629,
        "ICAT Score": 99.90740740740742,
        "Loss": 0.3794829048712576
      },
      "religion": {
        "Count": 33.0,
        "LM Score": 100.0,
        "SS Score": 48.888888888888886,
        "ICAT Score": 97.77777777777777,
        "Loss": 0.37714273332220444
      },
      "overall": {
        "Count": 316.0,
        "LM Score": 100.0,
        "SS Score": 46.751628001628,
        "ICAT Score": 93.503256003256,
        "Loss": 0.3737384576183743
      }
    },
    "intersentence": {
      "gender": {
        "Count": 114.0,
        "LM Score": 100.0,
        "SS Score": 42.83333333333333,
        "ICAT Score": 85.66666666666666,
        "Loss": 0.15190486546037585
      },
      "profession": {
        "Count": 345.0,
        "LM Score": 100.0,
        "SS Score": 15.476190476190473,
        "ICAT Score": 30.95238095238095,
        "Loss": 0.11647822730396808
      },
      "race": {
        "Count": 453.0,
        "LM Score": 100.0,
        "SS Score": 7.469135802469136,
        "ICAT Score": 14.938271604938272,
        "Loss": 0.07927834309566735
      },
      "religion": {
        "Count": 45.0,
        "LM Score": 100.0,
        "SS Score": 6.666666666666667,
        "ICAT Score": 13.333333333333334,
        "Loss": 0.10595649877676794
      },
      "overall": {
        "Count": 319.0,
        "LM Score": 100.0,
        "SS Score": 14.94227994227994,
        "ICAT Score": 29.88455988455988,
        "Loss": 0.10327699827128822
      }
    },
    "overall": {
      "Count": 635.0,
      "LM Score": 100.0,
      "SS Score": 30.00935273919951,
      "ICAT Score": 60.01870547839903,
      "Loss": 0.23555421479712643
    }
  }
}