{
  "roberta-base": {
    "intrasentence": {
      "gender": {
        "Count": 117.0,
        "LM Score": 74.08333333333334,
        "SS Score": 56.83333333333333,
        "ICAT Score": 63.958611111111125,
        "Loss": 0.15699296422606834
      },
      "profession": {
        "Count": 366.0,
        "LM Score": 74.83630952380952,
        "SS Score": 49.76190476190475,
        "ICAT Score": 74.4799461451247,
        "Loss": 0.1632486136176514
      },
      "race": {
        "Count": 435.0,
        "LM Score": 67.28780864197532,
        "SS Score": 57.88249559082892,
        "ICAT Score": 56.679891543237105,
        "Loss": 0.16152063489627497
      },
      "religion": {
        "Count": 36.0,
        "LM Score": 72.5,
        "SS Score": 26.11111111111111,
        "ICAT Score": 37.861111111111114,
        "Loss": 0.15843260137109097
      },
      "overall": {
        "Count": 318.0,
        "LM Score": 71.11832611832612,
        "SS Score": 53.55545248402391,
        "ICAT Score": 66.06116953318562,
        "Loss": 0.1614406686225207
      }
    },
    "intersentence": {
      "gender": {
        "Count": 111.0,
        "LM Score": 100.0,
        "SS Score": 53.0,
        "ICAT Score": 94.0,
        "Loss": 0.02669067129833184
      },
      "profession": {
        "Count": 375.0,
        "LM Score": 99.16666666666667,
        "SS Score": 49.103174603174594,
        "ICAT Score": 97.38796296296294,
        "Loss": 0.027129591615127714
      },
      "race": {
        "Count": 441.0,
        "LM Score": 95.29411764705883,
        "SS Score": 53.89355742296919,
        "ICAT Score": 87.87345526445873,
        "Loss": 0.03170357252679914
      },
      "religion": {
        "Count": 36.0,
        "LM Score": 95.83333333333333,
        "SS Score": 55.55555555555555,
        "ICAT Score": 85.18518518518519,
        "Loss": 0.03433360870547751
      },
      "overall": {
        "Count": 321.0,
        "LM Score": 97.43506493506493,
        "SS Score": 51.975881261595546,
        "ICAT Score": 93.58466255451413,
        "Loss": 0.029372944850191592
      }
    },
    "overall": {
      "Count": 639.0,
      "LM Score": 85.04280705230072,
      "SS Score": 51.82590264868745,
      "ICAT Score": 81.93720931932847,
      "Loss": 0.09357455841969964
    }
  },
  "adapted_roberta-base": {
    "intrasentence": {
      "gender": {
        "Count": 117.0,
        "LM Score": 92.33333333333334,
        "SS Score": 69.83333333333334,
        "ICAT Score": 55.70777777777777,
        "Loss": 0.11521898191910103
      },
      "profession": {
        "Count": 366.0,
        "LM Score": 91.71981292517007,
        "SS Score": 55.208333333333336,
        "ICAT Score": 82.16566574546485,
        "Loss": 0.11969309804745683
      },
      "race": {
        "Count": 435.0,
        "LM Score": 88.60394620811287,
        "SS Score": 63.07098765432098,
        "ICAT Score": 65.4411244679056,
        "Loss": 0.11252083721966313
      },
      "religion": {
        "Count": 36.0,
        "LM Score": 100.0,
        "SS Score": 45.55555555555555,
        "ICAT Score": 91.1111111111111,
        "Loss": 0.13908016412678978
      },
      "overall": {
        "Count": 318.0,
        "LM Score": 90.66532673675532,
        "SS Score": 60.407647907647906,
        "ICAT Score": 71.79307077459522,
        "Loss": 0.11651411943906552
      }
    },
    "intersentence": {
      "gender": {
        "Count": 111.0,
        "LM Score": 100.0,
        "SS Score": 63.5,
        "ICAT Score": 73.0,
        "Loss": 0.0010570895508846799
      },
      "profession": {
        "Count": 375.0,
        "LM Score": 100.0,
        "SS Score": 60.32539682539683,
        "ICAT Score": 79.34920634920634,
        "Loss": 0.0011815701855203047
      },
      "race": {
        "Count": 441.0,
        "LM Score": 100.0,
        "SS Score": 61.41339869281046,
        "ICAT Score": 77.17320261437908,
        "Loss": 0.0033369263169889625
      },
      "religion": {
        "Count": 36.0,
        "LM Score": 100.0,
        "SS Score": 69.44444444444444,
        "ICAT Score": 61.111111111111114,
        "Loss": 0.006951189927185066
      },
      "overall": {
        "Count": 321.0,
        "LM Score": 100.0,
        "SS Score": 61.57338693052979,
        "ICAT Score": 76.85322613894041,
        "Loss": 0.002341909943293973
      }
    },
    "overall": {
      "Count": 639.0,
      "LM Score": 95.27660630508733,
      "SS Score": 60.86660877800118,
      "ICAT Score": 74.56993417682683,
      "Loss": 0.05798476220818269
    }
  },
  "adapted": {
    "intrasentence": {
      "gender": {
        "Count": 123.0,
        "LM Score": 100.0,
        "SS Score": 41.166666666666664,
        "ICAT Score": 82.33333333333333,
        "Loss": 0.37041989871748304
      },
      "profession": {
        "Count": 351.0,
        "LM Score": 100.0,
        "SS Score": 44.36644772851669,
        "ICAT Score": 88.73289545703338,
        "Loss": 0.3673995838526371
      },
      "race": {
        "Count": 441.0,
        "LM Score": 100.0,
        "SS Score": 50.04629629629629,
        "ICAT Score": 99.90740740740742,
        "Loss": 0.3794829048712576
      },
      "religion": {
        "Count": 33.0,
        "LM Score": 100.0,
        "SS Score": 48.888888888888886,
        "ICAT Score": 97.77777777777777,
        "Loss": 0.37714273332220444
      },
      "overall": {
        "Count": 316.0,
        "LM Score": 100.0,
        "SS Score": 46.751628001628,
        "ICAT Score": 93.503256003256,
        "Loss": 0.3737384576183743
      }
    },
    "intersentence": {
      "gender": {
        "Count": 114.0,
        "LM Score": 100.0,
        "SS Score": 42.83333333333333,
        "ICAT Score": 85.66666666666666,
        "Loss": 0.15190486546037585
      },
      "profession": {
        "Count": 345.0,
        "LM Score": 100.0,
        "SS Score": 15.476190476190473,
        "ICAT Score": 30.95238095238095,
        "Loss": 0.11647822730396808
      },
      "race": {
        "Count": 453.0,
        "LM Score": 100.0,
        "SS Score": 7.469135802469136,
        "ICAT Score": 14.938271604938272,
        "Loss": 0.07927834309566735
      },
      "religion": {
        "Count": 45.0,
        "LM Score": 100.0,
        "SS Score": 6.666666666666667,
        "ICAT Score": 13.333333333333334,
        "Loss": 0.10595649877676794
      },
      "overall": {
        "Count": 319.0,
        "LM Score": 100.0,
        "SS Score": 14.94227994227994,
        "ICAT Score": 29.88455988455988,
        "Loss": 0.10327699827128822
      }
    },
    "overall": {
      "Count": 635.0,
      "LM Score": 100.0,
      "SS Score": 30.00935273919951,
      "ICAT Score": 60.01870547839903,
      "Loss": 0.23555421479712643
    }
  }
}