{
  "roberta-base": {
    "intrasentence": {
      "gender": {
        "Count": 117.0,
        "Positive Score": 0.2564102564102564,
        "Negative Score": 0.1282051282051282,
        "Neutral Score": 0.6153846153846154
      },
      "profession": {
        "Count": 366.0,
        "Positive Score": 0.26229508196721313,
        "Negative Score": 0.07377049180327869,
        "Neutral Score": 0.6639344262295082
      },
      "race": {
        "Count": 435.0,
        "Positive Score": 0.2620689655172414,
        "Negative Score": 0.20689655172413793,
        "Neutral Score": 0.5310344827586206
      },
      "religion": {
        "Count": 36.0,
        "Positive Score": 0.3333333333333333,
        "Negative Score": 0.16666666666666666,
        "Neutral Score": 0.5
      },
      "overall": {
        "Count": 318.0,
        "Positive Score": 0.2641509433962264,
        "Negative Score": 0.14465408805031446,
        "Neutral Score": 0.5911949685534591
      }
    },
    "intersentence": {
      "gender": {
        "Count": 111.0,
        "Positive Score": 0.40540540540540543,
        "Negative Score": 0.16216216216216217,
        "Neutral Score": 0.43243243243243246
      },
      "profession": {
        "Count": 375.0,
        "Positive Score": 0.448,
        "Negative Score": 0.136,
        "Neutral Score": 0.416
      },
      "race": {
        "Count": 441.0,
        "Positive Score": 0.4897959183673469,
        "Negative Score": 0.19727891156462585,
        "Neutral Score": 0.3129251700680272
      },
      "religion": {
        "Count": 36.0,
        "Positive Score": 0.4166666666666667,
        "Negative Score": 0.08333333333333333,
        "Neutral Score": 0.5
      },
      "overall": {
        "Count": 321.0,
        "Positive Score": 0.46105919003115264,
        "Negative Score": 0.16510903426791276,
        "Neutral Score": 0.37383177570093457
      }
    },
    "overall": {
      "Count": 639.0,
      "Positive Score": 0.36306729264475746,
      "Negative Score": 0.15492957746478872,
      "Neutral Score": 0.48200312989045385
    }
  },
  "adapted": {
    "intrasentence": {
      "gender": {
        "Count": 117.0,
        "Positive Score": 0.20512820512820512,
        "Negative Score": 0.1794871794871795,
        "Neutral Score": 0.6153846153846154
      },
      "profession": {
        "Count": 366.0,
        "Positive Score": 0.3360655737704918,
        "Negative Score": 0.10655737704918032,
        "Neutral Score": 0.5573770491803278
      },
      "race": {
        "Count": 435.0,
        "Positive Score": 0.2620689655172414,
        "Negative Score": 0.2896551724137931,
        "Neutral Score": 0.4482758620689655
      },
      "religion": {
        "Count": 36.0,
        "Positive Score": 0.3333333333333333,
        "Negative Score": 0.25,
        "Neutral Score": 0.4166666666666667
      },
      "overall": {
        "Count": 318.0,
        "Positive Score": 0.2861635220125786,
        "Negative Score": 0.20440251572327045,
        "Neutral Score": 0.5094339622641509
      }
    },
    "intersentence": {
      "gender": {
        "Count": 111.0,
        "Positive Score": 0.2972972972972973,
        "Negative Score": 0.32432432432432434,
        "Neutral Score": 0.3783783783783784
      },
      "profession": {
        "Count": 375.0,
        "Positive Score": 0.336,
        "Negative Score": 0.28,
        "Neutral Score": 0.384
      },
      "race": {
        "Count": 441.0,
        "Positive Score": 0.3741496598639456,
        "Negative Score": 0.3673469387755102,
        "Neutral Score": 0.2585034013605442
      },
      "religion": {
        "Count": 36.0,
        "Positive Score": 0.4166666666666667,
        "Negative Score": 0.25,
        "Neutral Score": 0.3333333333333333
      },
      "overall": {
        "Count": 321.0,
        "Positive Score": 0.35202492211838005,
        "Negative Score": 0.32398753894080995,
        "Neutral Score": 0.32398753894080995
      }
    },
    "overall": {
      "Count": 639.0,
      "Positive Score": 0.3192488262910798,
      "Negative Score": 0.2644757433489828,
      "Neutral Score": 0.4162754303599374
    }
  },
  "adapted_roberta-base": {
    "intrasentence": {
      "gender": {
        "Count": 117.0,
        "Positive Score": 0.15384615384615385,
        "Negative Score": 0.15384615384615385,
        "Neutral Score": 0.6923076923076923
      },
      "profession": {
        "Count": 366.0,
        "Positive Score": 0.26229508196721313,
        "Negative Score": 0.08196721311475409,
        "Neutral Score": 0.6557377049180327
      },
      "race": {
        "Count": 435.0,
        "Positive Score": 0.22758620689655173,
        "Negative Score": 0.25517241379310346,
        "Neutral Score": 0.5172413793103449
      },
      "religion": {
        "Count": 36.0,
        "Positive Score": 0.3333333333333333,
        "Negative Score": 0.08333333333333333,
        "Neutral Score": 0.5833333333333334
      },
      "overall": {
        "Count": 318.0,
        "Positive Score": 0.2358490566037736,
        "Negative Score": 0.16981132075471697,
        "Neutral Score": 0.5943396226415094
      }
    },
    "intersentence": {
      "gender": {
        "Count": 111.0,
        "Positive Score": 0.4864864864864865,
        "Negative Score": 0.08108108108108109,
        "Neutral Score": 0.43243243243243246
      },
      "profession": {
        "Count": 375.0,
        "Positive Score": 0.472,
        "Negative Score": 0.064,
        "Neutral Score": 0.464
      },
      "race": {
        "Count": 441.0,
        "Positive Score": 0.6326530612244898,
        "Negative Score": 0.027210884353741496,
        "Neutral Score": 0.3401360544217687
      },
      "religion": {
        "Count": 36.0,
        "Positive Score": 0.4166666666666667,
        "Negative Score": 0.0,
        "Neutral Score": 0.5833333333333334
      },
      "overall": {
        "Count": 321.0,
        "Positive Score": 0.5451713395638629,
        "Negative Score": 0.04672897196261682,
        "Neutral Score": 0.40809968847352024
      }
    },
    "overall": {
      "Count": 639.0,
      "Positive Score": 0.39123630672926446,
      "Negative Score": 0.107981220657277,
      "Neutral Score": 0.5007824726134585
    }
  }
}